"DisplayName","Alias","Primary SMTP address","Distribution Group","Distribution Group Primary SMTP address"
"Ron Balzer","RonBalzer","ronb@bci-sk.ca","(clr) CLR Millwright Members","CLRMillwrightMembers@clrs.local"
"Dana Paidel","DanaPaidel","DPaidel@icon-corporate.ca","(clr) CLR Millwright Members","CLRMillwrightMembers@clrs.local"
"Murray Peterson","MurrayPeterson","mlpete2@telus.net","(clr) CLR Millwright Members","CLRMillwrightMembers@clrs.local"
"(clr) BFI","CLRBFI","BFI2@clrs.local","(clr) CLR Millwright Members","CLRMillwrightMembers@clrs.local"
"(clr) GB Mobile","CLRGBMobile","GBMobile@clrs.local","(clr) CLR Millwright Members","CLRMillwrightMembers@clrs.local"
"(clr) Worley Industrial","CLRworleyindustrial","jacobs@clrs.local","(clr) CLR Millwright Members","CLRMillwrightMembers@clrs.local"
