"DisplayName","Alias","Primary SMTP address","Distribution Group","Distribution Group Primary SMTP address"
"Brian Parton","BrianParton","bparton@industrialscaffoldservices.com","(clr) Industrial Scaffold","IndScaff@clrs.local"
"Kim Green","KimGreen","kgreen@industrialscaffoldservices.com","(clr) Industrial Scaffold","IndScaff@clrs.local"
"P Gallaher","PGallaher","pgallagher@industrialscaffoldservices.com","(clr) Industrial Scaffold","IndScaff@clrs.local"
"Riley Jepson","RileyJepson","rjepson@industrialscaffoldservices.com","(clr) Industrial Scaffold","IndScaff@clrs.local"
"Neil Doherty","NeilDoherty","ndoherty@industrialscaffoldservices.com","(clr) Industrial Scaffold","IndScaff@clrs.local"
"David Hickey","DavidHickey","dhickey@industrialscaffoldservices.com","(clr) Industrial Scaffold","IndScaff@clrs.local"
