"DisplayName","Alias","Primary SMTP address","Distribution Group","Distribution Group Primary SMTP address"
"Eric Akelaitis","EricAkelaitis","eric@cimsltd.com","(clr) CLR Members - Millwright Trade Division","CLRMembers-MillwrightTradeDivision@clrs.local"
"Ron Balzer","RonBalzer","ronb@bci-sk.ca","(clr) CLR Members - Millwright Trade Division","CLRMembers-MillwrightTradeDivision@clrs.local"
"Gord Banda","GordBanda","g.banda@sasktel.net","(clr) CLR Members - Millwright Trade Division","CLRMembers-MillwrightTradeDivision@clrs.local"
"Shawn Campbell","ShawnCampbell","scampbell@bficonstructors.com","(clr) CLR Members - Millwright Trade Division","CLRMembers-MillwrightTradeDivision@clrs.local"
"Brett Horan","BrettHoran","brett.horan@fluor.com","(clr) CLR Members - Millwright Trade Division","CLRMembers-MillwrightTradeDivision@clrs.local"
"(clr) BFI","CLRBFI","BFI2@clrs.local","(clr) CLR Members - Millwright Trade Division","CLRMembers-MillwrightTradeDivision@clrs.local"
